-- phpMyAdmin SQL Dump
-- version 5.2.1
-- https://www.phpmyadmin.net/
--
-- 主機： 127.0.0.1
-- 產生時間： 2024-04-21 17:22:52
-- 伺服器版本： 10.4.32-MariaDB
-- PHP 版本： 8.2.12

SET SQL_MODE = "NO_AUTO_VALUE_ON_ZERO";
START TRANSACTION;
SET time_zone = "+00:00";


/*!40101 SET @OLD_CHARACTER_SET_CLIENT=@@CHARACTER_SET_CLIENT */;
/*!40101 SET @OLD_CHARACTER_SET_RESULTS=@@CHARACTER_SET_RESULTS */;
/*!40101 SET @OLD_COLLATION_CONNECTION=@@COLLATION_CONNECTION */;
/*!40101 SET NAMES utf8mb4 */;

--
-- 資料庫： `topic1`
--

-- --------------------------------------------------------

--
-- 資料表結構 `course`
--

CREATE TABLE `course` (
  `cid` int(11) NOT NULL,
  `name` varchar(20) DEFAULT NULL,
  `dept` varchar(20) DEFAULT NULL,
  `grade` int(11) DEFAULT NULL,
  `credit` int(11) DEFAULT NULL,
  `professor` varchar(20) DEFAULT NULL,
  `max_quantity` int(11) DEFAULT NULL,
  `current_quantity` int(11) DEFAULT NULL,
  `required` tinyint(1) DEFAULT NULL
) ENGINE=InnoDB DEFAULT CHARSET=utf8mb4 COLLATE=utf8mb4_general_ci;

--
-- 傾印資料表的資料 `course`
--

INSERT INTO `course` (`cid`, `name`, `dept`, `grade`, `credit`, `professor`, `max_quantity`, `current_quantity`, `required`) VALUES
(1001, '邏輯設計', '資訊', 1, 3, '王益文', 69, 0, 1),
(1002, '線性代數', '資訊', 1, 3, '洪維志', 65, 0, 1),
(1003, '計算機概論', '資訊', 1, 2, '林峰正', 65, 0, 1),
(1004, '微積分', '資訊', 1, 3, '李英豪', 65, 0, 1),
(1005, '普通物理', '資訊', 1, 3, '胡水上', 65, 0, 1),
(1006, '程式設計', '資訊', 1, 4, '劉明機', 65, 0, 1),
(1007, '互連網路', '資訊', 1, 2, '林峰正', 2, 0, 0),
(1008, '資料統計', '資訊', 1, 2, '薛念林', 1, 0, 0),
(1101, '英文作文', '外語', 1, 2, '蕭碧莉', 67, 0, 1),
(1102, '英文', '外語', 1, 2, '陳彥京', 68, 0, 1),
(1103, '英語發音與聽力練習', '外語', 1, 2, '林芷瑩', 71, 0, 1),
(1104, '電腦輔助語言學習', '外語', 1, 2, '林芷瑩', 71, 0, 0),
(1105, '語言學習方法與策略', '外語', 1, 2, '王鈺琪', 71, 0, 0),
(1106, '文學作品導讀', '外語', 1, 2, '林盈萱', 71, 0, 0),
(1107, '西洋文學專論', '外語', 1, 2, '陳柏軒', 71, 0, 0),
(1108, '英文句構與翻譯', '外語', 1, 2, '陳彥京', 68, 0, 1),
(1109, '程式邏輯與應用 ', '外語', 1, 2, '林盈萱', 68, 0, 1),
(2001, '機率與統計', '資訊', 2, 3, '游景盛', 75, 3, 1),
(2002, '系統程式', '資訊', 2, 3, '劉宗杰', 66, 3, 1),
(2003, '資料庫系統', '資訊', 2, 3, '許懷中', 55, 3, 1),
(2004, '離散數學', '資訊', 2, 3, '游景盛', 55, 3, 1),
(2005, '數位系統設計', '資訊', 2, 3, '游景盛', 58, 0, 0),
(2006, 'UNIX應用與實務', '資訊', 2, 2, '林佩蓉', 63, 0, 0),
(2007, 'Web程式設計', '資訊', 2, 3, '薛念林', 1, 0, 0),
(2008, '物件導向設計', '資訊', 2, 2, '曾昭文', 1, 0, 0),
(2009, '密碼學', '資訊', 2, 3, '李榮三', 60, 0, 0),
(2101, '英語演說', '外語', 2, 2, '陳秋華', 74, 0, 1),
(2102, '英國文學', '外語', 2, 2, '蕭碧莉', 68, 0, 1),
(2103, '第二外語', '外語', 2, 2, '陳彥京', 75, 0, 1),
(2104, '語言學概論', '外語', 2, 2, '陳彥京', 75, 0, 1),
(2105, '文學與地景', '外語', 2, 2, '蕭碧莉', 75, 0, 0),
(2106, '英語語言史', '外語', 2, 2, '林盈萱', 75, 0, 0),
(2107, '散文選讀', '外語', 2, 2, '陳秋華', 75, 0, 0),
(2108, '新聞英文閱讀', '外語', 2, 2, '徐琍沂', 75, 0, 0),
(2109, '進階程式邏輯與應用', '外語', 2, 2, '陳秋華', 74, 0, 1),
(3001, '作業系統', '資訊', 3, 2, '游景盛', 75, 0, 1),
(3002, '微處理機系統', '資訊', 3, 2, '劉宗杰', 66, 0, 1),
(3003, '微處理機系統實習', '資訊', 3, 2, '許懷中', 55, 0, 1),
(3004, '計算機結構學', '資訊', 3, 2, '游景盛', 55, 0, 1),
(3005, '計算機演算法', '資訊', 3, 2, '游景盛', 58, 0, 1),
(3006, '軟體測試', '資訊', 3, 2, '林佩蓉', 63, 0, 0),
(3007, '嵌入式系統', '資訊', 3, 2, '薛念林', 1, 0, 0),
(3008, '資料科學實務', '資訊', 3, 2, '曾昭文', 1, 0, 0),
(3009, '資料探勘導論', '資訊', 3, 2, '李榮三', 60, 0, 0),
(3101, '中英視譯練習', '外語', 3, 2, '徐琍沂', 74, 0, 1),
(3102, '兒童與青少年文學', '外語', 3, 2, '徐琍沂', 68, 0, 1),
(3103, '英詩選讀', '外語', 3, 2, '蕭碧莉', 75, 0, 1),
(3104, '實用職場英文', '外語', 3, 2, '陳彥京', 75, 0, 1),
(3105, '美國文學', '外語', 3, 2, '蕭碧莉', 75, 0, 1),
(3106, '中英逐步口譯演練', '外語', 3, 2, '林盈萱', 75, 0, 0),
(3107, '英美文學專論', '外語', 3, 2, '陳秋華', 75, 0, 0),
(3108, '校外實習導論', '外語', 3, 2, '徐琍沂', 75, 0, 0),
(3109, '專題討論', '外語', 3, 2, '林盈萱', 74, 0, 0),
(4001, '專題研究', '資訊', 4, 2, '游景盛', 75, 0, 1),
(4002, '人工智慧的產業應用', '資訊', 4, 2, '劉宗杰', 66, 0, 1),
(4003, '生物資訊概論', '資訊', 4, 2, '許懷中', 55, 0, 1),
(4004, '深度學習', '資訊', 4, 2, '游景盛', 55, 0, 1),
(4005, '產業實習導論', '資訊', 4, 2, '游景盛', 58, 0, 1),
(4006, '無線網路系統', '資訊', 4, 2, '林佩蓉', 63, 0, 0),
(4007, '管理資訊系統', '資訊', 4, 2, '薛念林', 1, 0, 0),
(4008, '智慧物聯網實務應用', '資訊', 4, 2, '曾昭文', 1, 0, 0),
(4009, '程式設計與問題解決', '資訊', 4, 2, '李榮三', 60, 0, 0),
(4101, '中英商務筆譯', '外語', 4, 2, '王鈺琪', 74, 0, 1),
(4102, '中英經貿口譯', '外語', 4, 2, '蕭碧莉', 68, 0, 1),
(4103, '英文媒體溝通', '外語', 4, 2, '陳彥京', 75, 0, 1),
(4104, '歐洲文學', '外語', 4, 2, '王鈺琪', 75, 0, 1),
(4105, '中英科技翻譯', '外語', 4, 2, '蕭碧莉', 75, 0, 1),
(4106, '中英會展口譯', '外語', 4, 2, '林盈萱', 75, 0, 0),
(4107, '旅遊英文', '外語', 4, 2, '陳彥京', 75, 0, 0),
(4108, '國際事務英文', '外語', 4, 2, '徐琍沂', 75, 0, 0),
(4109, '跨文化探索與對話', '外語', 4, 2, '王鈺琪', 74, 0, 0);

-- --------------------------------------------------------

--
-- 資料表結構 `course_selection`
--

CREATE TABLE `course_selection` (
  `id` int(11) NOT NULL,
  `sid` varchar(8) DEFAULT NULL,
  `cid` int(11) DEFAULT NULL,
  `name` varchar(20) DEFAULT NULL,
  `attention` tinyint(1) DEFAULT 0
) ENGINE=InnoDB DEFAULT CHARSET=utf8mb4 COLLATE=utf8mb4_general_ci;

--
-- 傾印資料表的資料 `course_selection`
--

INSERT INTO `course_selection` (`id`, `sid`, `cid`, `name`, `attention`) VALUES
(67, 'D1149754', 2001, '機率與統計', 0),
(68, 'D1149754', 2002, '系統程式', 0),
(69, 'D1149754', 2003, '資料庫系統', 0),
(70, 'D1149754', 2004, '離散數學', 0),
(72, 'D1177960', 2001, '機率與統計', 0),
(73, 'D1177960', 2002, '系統程式', 0),
(75, 'D1177960', 2004, '離散數學', 0),
(76, 'D1179714', 2001, '機率與統計', 0),
(77, 'D1179714', 2002, '系統程式', 0),
(78, 'D1179714', 2003, '資料庫系統', 0),
(79, 'D1179714', 2004, '離散數學', 0),
(80, 'D1177960', 2003, '資料庫系統', 0);

-- --------------------------------------------------------

--
-- 資料表結構 `course_timetable`
--

CREATE TABLE `course_timetable` (
  `id` int(11) NOT NULL,
  `cid` int(11) DEFAULT NULL,
  `timeid` int(11) DEFAULT NULL
) ENGINE=InnoDB DEFAULT CHARSET=utf8mb4 COLLATE=utf8mb4_general_ci;

--
-- 傾印資料表的資料 `course_timetable`
--

INSERT INTO `course_timetable` (`id`, `cid`, `timeid`) VALUES
(4, 1001, 1),
(5, 1001, 2),
(6, 1001, 15),
(7, 1002, 16),
(8, 1002, 17),
(9, 1002, 18),
(10, 1003, 6),
(11, 1003, 7),
(12, 1004, 20),
(13, 1004, 21),
(14, 1004, 22),
(15, 1005, 31),
(16, 1005, 32),
(17, 1005, 46),
(18, 1006, 57),
(19, 1006, 58),
(20, 1006, 59),
(21, 1006, 60),
(22, 1007, 62),
(23, 1007, 63),
(24, 1008, 8),
(25, 1008, 9),
(26, 2001, 3),
(27, 2001, 4),
(28, 2001, 18),
(29, 2002, 6),
(30, 2002, 7),
(31, 2002, 20),
(32, 2003, 22),
(33, 2003, 23),
(34, 2003, 24),
(35, 2004, 15),
(36, 2004, 16),
(37, 2004, 17),
(38, 2005, 30),
(39, 2005, 31),
(40, 2005, 32),
(41, 2006, 34),
(42, 2006, 37),
(43, 2007, 38),
(44, 2007, 39),
(45, 2007, 58),
(46, 2008, 59),
(47, 2008, 60),
(48, 2009, 12),
(49, 2009, 13),
(50, 2009, 14),
(51, 1101, 34),
(52, 1101, 35),
(53, 1102, 39),
(54, 1102, 40),
(55, 1103, 48),
(56, 1103, 49),
(57, 1104, 3),
(58, 1104, 4),
(59, 1105, 64),
(60, 1105, 65),
(61, 1106, 1),
(62, 1106, 2),
(63, 1107, 11),
(64, 1107, 12),
(65, 2101, 67),
(66, 2101, 68),
(67, 2102, 39),
(68, 2102, 40),
(69, 2103, 29),
(70, 2103, 30),
(71, 2104, 6),
(72, 2104, 7),
(73, 2105, 43),
(74, 2105, 44),
(75, 2106, 17),
(76, 2106, 18),
(77, 2107, 53),
(78, 2107, 54),
(79, 2108, 62),
(80, 2108, 63),
(81, 1108, 20),
(82, 1108, 21),
(83, 1109, 23),
(84, 1109, 24),
(85, 2109, 12),
(86, 2109, 13),
(87, 3101, 13),
(88, 3101, 14),
(89, 3102, 67),
(90, 3102, 68),
(91, 3103, 34),
(92, 3103, 35),
(93, 3104, 3),
(94, 3104, 4),
(95, 3105, 15),
(96, 3105, 16),
(97, 3106, 1),
(98, 3106, 2),
(99, 3107, 43),
(100, 3107, 44),
(101, 3108, 36),
(102, 3108, 37),
(103, 3109, 17),
(104, 3109, 18),
(105, 4101, 62),
(106, 4101, 63),
(107, 4102, 36),
(108, 4102, 37),
(109, 4103, 29),
(110, 4103, 30),
(111, 4104, 67),
(112, 4104, 68),
(113, 4105, 59),
(114, 4105, 60),
(115, 4106, 43),
(116, 4106, 44),
(117, 4107, 8),
(118, 4107, 9),
(119, 4108, 6),
(120, 4108, 7),
(121, 4109, 1),
(122, 4109, 2),
(123, 3001, 62),
(124, 3001, 63),
(125, 3002, 1),
(126, 3002, 2),
(127, 3003, 31),
(128, 3003, 32),
(129, 3004, 64),
(130, 3004, 65),
(131, 3005, 27),
(132, 3005, 28),
(133, 3006, 3),
(134, 3006, 4),
(135, 3007, 29),
(136, 3007, 30),
(137, 3008, 67),
(138, 3008, 68),
(139, 3009, 13),
(140, 3009, 14),
(141, 4001, 45),
(142, 4001, 46),
(143, 4002, 3),
(144, 4002, 4),
(145, 4003, 25),
(146, 4003, 26),
(147, 4004, 11),
(148, 4004, 12),
(149, 4005, 6),
(150, 4005, 7),
(151, 4006, 29),
(152, 4006, 30),
(153, 4007, 13),
(154, 4007, 14),
(155, 4008, 8),
(156, 4008, 9),
(157, 4009, 36),
(158, 4009, 37);

-- --------------------------------------------------------

--
-- 資料表結構 `students`
--

CREATE TABLE `students` (
  `sid` char(8) NOT NULL,
  `name` varchar(20) DEFAULT NULL,
  `dept` varchar(20) DEFAULT NULL,
  `grade` int(11) DEFAULT NULL,
  `credit` int(11) DEFAULT NULL,
  `foreigner` tinyint(1) DEFAULT 0,
  `password` varchar(20) DEFAULT NULL
) ENGINE=InnoDB DEFAULT CHARSET=utf8mb4 COLLATE=utf8mb4_general_ci;

--
-- 傾印資料表的資料 `students`
--

INSERT INTO `students` (`sid`, `name`, `dept`, `grade`, `credit`, `foreigner`, `password`) VALUES
('D1149754', '薛子揚', '資訊', 2, 12, 0, '123456'),
('D1177960', '陳函俊', '資訊', 2, 12, 1, '123456'),
('D1179714', '乂煞氣a黃乙恩乂', '資訊', 2, 12, 0, '123456');

-- --------------------------------------------------------

--
-- 資料表結構 `student_timetable`
--

CREATE TABLE `student_timetable` (
  `id` int(11) NOT NULL,
  `sid` varchar(20) DEFAULT NULL,
  `cid` int(11) DEFAULT NULL,
  `timeid` int(11) DEFAULT NULL,
  `name` varchar(20) DEFAULT NULL,
  `attention` tinyint(1) DEFAULT 0
) ENGINE=InnoDB DEFAULT CHARSET=utf8mb4 COLLATE=utf8mb4_general_ci;

--
-- 傾印資料表的資料 `student_timetable`
--

INSERT INTO `student_timetable` (`id`, `sid`, `cid`, `timeid`, `name`, `attention`) VALUES
(160, 'D1149754', 2001, 3, '機率與統計', 0),
(161, 'D1149754', 2001, 4, '機率與統計', 0),
(162, 'D1149754', 2001, 18, '機率與統計', 0),
(163, 'D1149754', 2002, 6, '系統程式', 0),
(164, 'D1149754', 2002, 7, '系統程式', 0),
(165, 'D1149754', 2002, 20, '系統程式', 0),
(166, 'D1149754', 2003, 22, '資料庫系統', 0),
(167, 'D1149754', 2003, 23, '資料庫系統', 0),
(168, 'D1149754', 2003, 24, '資料庫系統', 0),
(169, 'D1149754', 2004, 15, '離散數學', 0),
(170, 'D1149754', 2004, 16, '離散數學', 0),
(171, 'D1149754', 2004, 17, '離散數學', 0),
(174, 'D1177960', 2001, 3, '機率與統計', 0),
(175, 'D1177960', 2001, 4, '機率與統計', 0),
(176, 'D1177960', 2001, 18, '機率與統計', 0),
(177, 'D1177960', 2002, 6, '系統程式', 0),
(178, 'D1177960', 2002, 7, '系統程式', 0),
(179, 'D1177960', 2002, 20, '系統程式', 0),
(183, 'D1177960', 2004, 15, '離散數學', 0),
(184, 'D1177960', 2004, 16, '離散數學', 0),
(185, 'D1177960', 2004, 17, '離散數學', 0),
(186, 'D1179714', 2001, 3, '機率與統計', 0),
(187, 'D1179714', 2001, 4, '機率與統計', 0),
(188, 'D1179714', 2001, 18, '機率與統計', 0),
(189, 'D1179714', 2002, 6, '系統程式', 0),
(190, 'D1179714', 2002, 7, '系統程式', 0),
(191, 'D1179714', 2002, 20, '系統程式', 0),
(192, 'D1179714', 2003, 22, '資料庫系統', 0),
(193, 'D1179714', 2003, 23, '資料庫系統', 0),
(194, 'D1179714', 2003, 24, '資料庫系統', 0),
(195, 'D1179714', 2004, 15, '離散數學', 0),
(196, 'D1179714', 2004, 16, '離散數學', 0),
(197, 'D1179714', 2004, 17, '離散數學', 0),
(198, 'D1177960', 2003, 22, '資料庫系統', 0),
(199, 'D1177960', 2003, 23, '資料庫系統', 0),
(200, 'D1177960', 2003, 24, '資料庫系統', 0);

--
-- 已傾印資料表的索引
--

--
-- 資料表索引 `course`
--
ALTER TABLE `course`
  ADD PRIMARY KEY (`cid`);

--
-- 資料表索引 `course_selection`
--
ALTER TABLE `course_selection`
  ADD PRIMARY KEY (`id`);

--
-- 資料表索引 `course_timetable`
--
ALTER TABLE `course_timetable`
  ADD PRIMARY KEY (`id`);

--
-- 資料表索引 `students`
--
ALTER TABLE `students`
  ADD PRIMARY KEY (`sid`);

--
-- 資料表索引 `student_timetable`
--
ALTER TABLE `student_timetable`
  ADD PRIMARY KEY (`id`);

--
-- 在傾印的資料表使用自動遞增(AUTO_INCREMENT)
--

--
-- 使用資料表自動遞增(AUTO_INCREMENT) `course_selection`
--
ALTER TABLE `course_selection`
  MODIFY `id` int(11) NOT NULL AUTO_INCREMENT, AUTO_INCREMENT=81;

--
-- 使用資料表自動遞增(AUTO_INCREMENT) `course_timetable`
--
ALTER TABLE `course_timetable`
  MODIFY `id` int(11) NOT NULL AUTO_INCREMENT, AUTO_INCREMENT=159;

--
-- 使用資料表自動遞增(AUTO_INCREMENT) `student_timetable`
--
ALTER TABLE `student_timetable`
  MODIFY `id` int(11) NOT NULL AUTO_INCREMENT, AUTO_INCREMENT=201;
COMMIT;

/*!40101 SET CHARACTER_SET_CLIENT=@OLD_CHARACTER_SET_CLIENT */;
/*!40101 SET CHARACTER_SET_RESULTS=@OLD_CHARACTER_SET_RESULTS */;
/*!40101 SET COLLATION_CONNECTION=@OLD_COLLATION_CONNECTION */;
